{
  "checkpoint": "checkpoints_msa_optimized/best_model.pt",
  "split": "valid",
  "use_reformulation": false,
  "num_queries": 500,
  "timestamp": "2026-01-30T04:13:56.813502",
  "metrics": {
    "recall@10": 0.09088409823475453,
    "recall@10_std": 0.16745279343411978,
    "recall@100": 0.19796022756786738,
    "recall@100_std": 0.22709159717859825,
    "precision@10": 0.0966,
    "precision@10_std": 0.1368518907432411,
    "mrr": 0.27995430881162864,
    "mrr_std": 0.3584008426337289,
    "map": 0.06709900259793139,
    "map_std": 0.13848259416870015,
    "f1@10": 0.07548635403521498,
    "f1@10_std": 0.10732856899355937,
    "ndcg@10": 0.13695092426999161,
    "ndcg@10_std": 0.19757615277332338,
    "ndcg@100": 0.1542050360151375,
    "ndcg@100_std": 0.18444338960026493
  }
}