{
  "dataset": "msa",
  "split": "test",
  "num_queries": 20000,
  "metrics": {
    "recall@10": 0.08611068064334566,
    "recall@10_std": 0.1579759496035659,
    "recall@100": 0.19407399485040294,
    "recall@100_std": 0.2208070489839983,
    "precision@10": 0.09805,
    "precision@10_std": 0.13453325796991614,
    "mrr": 0.2734438112008567,
    "mrr_std": 0.34690172195916813,
    "map": 0.059562086392493156,
    "map_std": 0.11621140167671945,
    "f1@10": 0.07224322244035251,
    "f1@10_std": 0.09825558919985511,
    "ndcg@10": 0.1328434898704591,
    "ndcg@10_std": 0.18290760571294343,
    "ndcg@100": 0.14784600134017684,
    "ndcg@100_std": 0.16737645331964435,
    "latency_mean": 0.4585599301815033,
    "latency_std": 0.20323348829594912,
    "latency_p50": 0.42578768730163574,
    "latency_p95": 0.8385949969291684,
    "latency_p99": 1.0794331645965562
  },
  "config": {
    "bm25_k1": 0.9,
    "bm25_b": 0.4,
    "top_k": 100
  },
  "timestamp": "2026-01-27T22:04:12.146853",
  "time_seconds": 9190.92863702774
}