{
  "dataset": "msa",
  "split": "valid",
  "num_queries": 20000,
  "metrics": {
    "recall@10": 0.08673245843608211,
    "recall@10_std": 0.16016355618856565,
    "recall@100": 0.19119919296557847,
    "recall@100_std": 0.2206140374550769,
    "precision@10": 0.09698500000000002,
    "precision@10_std": 0.1344894411282908,
    "mrr": 0.2733945429071549,
    "mrr_std": 0.34822603688430104,
    "map": 0.05941398289065985,
    "map_std": 0.11736137098937142,
    "f1@10": 0.07192149176714219,
    "f1@10_std": 0.09811846293428655,
    "ndcg@10": 0.13255108865192022,
    "ndcg@10_std": 0.18411578127704223,
    "ndcg@100": 0.14636197830868108,
    "ndcg@100_std": 0.1679383977570194,
    "latency_mean": 0.46154476788043974,
    "latency_std": 0.2024421677434518,
    "latency_p50": 0.4300193786621094,
    "latency_p95": 0.8357595443725586,
    "latency_p99": 1.075486674308775
  },
  "config": {
    "bm25_k1": 0.9,
    "bm25_b": 0.4,
    "top_k": 100
  },
  "timestamp": "2026-01-27T22:06:17.861679",
  "time_seconds": 9253.225592851639
}