{
  "baseline": {
    "recall@10": 0.07086249277080747,
    "recall@10_std": 0.14653452114017104,
    "recall@100": 0.17549835038223627,
    "recall@100_std": 0.20839006446030028,
    "precision@10": 0.06449999999999999,
    "precision@10_std": 0.10811914724044025,
    "mrr": 0.13193103427519456,
    "mrr_std": 0.17183448399084092,
    "map": 0.03426507909038083,
    "map_std": 0.06742882790679812,
    "f1@10": 0.05305530542651624,
    "f1@10_std": 0.08100728254596816,
    "latency_mean": 2.117276191711426e-05,
    "latency_std": 5.6370087480895606e-06,
    "latency_p50": 1.9550323486328125e-05,
    "latency_p95": 3.3652782440185535e-05,
    "latency_p99": 4.721879959106444e-05
  },
  "rl": {
    "recall@10": 0.0710708261041408,
    "recall@10_std": 0.14658171516981483,
    "recall@100": 0.17549835038223627,
    "recall@100_std": 0.20839006446030028,
    "precision@10": 0.065,
    "precision@10_std": 0.10897247358851683,
    "mrr": 0.13193103427519456,
    "mrr_std": 0.17183448399084092,
    "map": 0.0342875658628676,
    "map_std": 0.06743250549331294,
    "f1@10": 0.05334942307357507,
    "f1@10_std": 0.08134733866213054,
    "latency_mean": 1.2863663268089294,
    "latency_std": 0.4411239851392555,
    "latency_p50": 1.228527545928955,
    "latency_p95": 2.059418213367461,
    "latency_p99": 2.4057868218421903
  },
  "config": {
    "num_eval_queries": 200,
    "num_train_steps": 500,
    "batch_size": 64
  },
  "time_seconds": 3293.1133365631104
}