{
  "checkpoint": "checkpoint_epoch_3.pt",
  "split": "valid",
  "use_reformulation": false,
  "num_queries": 1000,
  "timestamp": "2026-01-29T20:16:54.217704",
  "metrics": {
    "recall@10": 0.08523759516062646,
    "recall@10_std": 0.1531521850595242,
    "recall@100": 0.19112796254366096,
    "recall@100_std": 0.21995110624121667,
    "precision@10": 0.10060000000000001,
    "precision@10_std": 0.1432467800685237,
    "mrr": 0.27968433220653716,
    "mrr_std": 0.3501519220351774,
    "map": 0.061758482749248875,
    "map_std": 0.12456248544987837,
    "f1@10": 0.07388702426351637,
    "f1@10_std": 0.10321473339610904,
    "ndcg@10": 0.13619234900241595,
    "ndcg@10_std": 0.19196099717868667,
    "ndcg@100": 0.1485337789892719,
    "ndcg@100_std": 0.1730710844508488
  }
}